source_app,dataset,prf_source,implant_id,electrode_index,x_deg,y_deg,polar_deg,ecc_deg
implant_explorer,human_demo,Human Demo (fsaverage),a718aabc8f49,0,-0.077407,-3.902201,181.136414,3.902969
implant_explorer,human_demo,Human Demo (fsaverage),a718aabc8f49,1,-0.077407,-3.902201,181.136414,3.902969
implant_explorer,human_demo,Human Demo (fsaverage),a718aabc8f49,2,-0.047500,-4.204511,180.647263,4.204780
implant_explorer,human_demo,Human Demo (fsaverage),a718aabc8f49,5,-0.147349,-4.699993,181.795685,4.702302
implant_explorer,human_demo,Human Demo (fsaverage),a718aabc8f49,6,-0.147349,-4.699993,181.795685,4.702302
implant_explorer,human_demo,Human Demo (fsaverage),a718aabc8f49,10,-0.077407,-3.902201,181.136414,3.902969
implant_explorer,human_demo,Human Demo (fsaverage),a718aabc8f49,11,-0.077407,-3.902201,181.136414,3.902969
implant_explorer,human_demo,Human Demo (fsaverage),a718aabc8f49,12,-0.047500,-4.204511,180.647263,4.204780
implant_explorer,human_demo,Human Demo (fsaverage),a718aabc8f49,15,-0.147349,-4.699993,181.795685,4.702302
implant_explorer,human_demo,Human Demo (fsaverage),a718aabc8f49,16,-0.147349,-4.699993,181.795685,4.702302
implant_explorer,human_demo,Human Demo (fsaverage),a718aabc8f49,20,-0.240943,-3.828147,183.601440,3.835721
implant_explorer,human_demo,Human Demo (fsaverage),a718aabc8f49,21,-0.240943,-3.828147,183.601440,3.835721
implant_explorer,human_demo,Human Demo (fsaverage),a718aabc8f49,22,-0.197475,-4.020771,182.811752,4.025617
implant_explorer,human_demo,Human Demo (fsaverage),a718aabc8f49,23,-0.146831,-4.294144,181.958374,4.296653
implant_explorer,human_demo,Human Demo (fsaverage),a718aabc8f49,24,-0.146831,-4.294144,181.958374,4.296653
implant_explorer,human_demo,Human Demo (fsaverage),a718aabc8f49,25,-0.139628,-4.514648,181.771469,4.516807
implant_explorer,human_demo,Human Demo (fsaverage),a718aabc8f49,26,-0.139628,-4.514648,181.771469,4.516807
implant_explorer,human_demo,Human Demo (fsaverage),a718aabc8f49,30,-0.240943,-3.828147,183.601440,3.835721
implant_explorer,human_demo,Human Demo (fsaverage),a718aabc8f49,31,-0.240943,-3.828147,183.601440,3.835721
implant_explorer,human_demo,Human Demo (fsaverage),a718aabc8f49,32,-0.197475,-4.020771,182.811752,4.025617
implant_explorer,human_demo,Human Demo (fsaverage),a718aabc8f49,33,-0.146831,-4.294144,181.958374,4.296653
implant_explorer,human_demo,Human Demo (fsaverage),a718aabc8f49,34,-0.146831,-4.294144,181.958374,4.296653
implant_explorer,human_demo,Human Demo (fsaverage),a718aabc8f49,35,-0.139628,-4.514648,181.771469,4.516807
implant_explorer,human_demo,Human Demo (fsaverage),a718aabc8f49,36,-0.139628,-4.514648,181.771469,4.516807
implant_explorer,human_demo,Human Demo (fsaverage),a718aabc8f49,42,-0.351043,-3.950560,185.077911,3.966126
implant_explorer,human_demo,Human Demo (fsaverage),a718aabc8f49,43,-0.328898,-4.199163,184.478531,4.212024
implant_explorer,human_demo,Human Demo (fsaverage),a718aabc8f49,44,-0.328898,-4.199163,184.478531,4.212024
implant_explorer,human_demo,Human Demo (fsaverage),a718aabc8f49,45,-0.338385,-4.440910,184.357361,4.453784
implant_explorer,human_demo,Human Demo (fsaverage),a718aabc8f49,46,-0.338385,-4.440910,184.357361,4.453784
implant_explorer,human_demo,Human Demo (fsaverage),a718aabc8f49,47,-0.318329,-4.749670,183.834305,4.760326
implant_explorer,human_demo,Human Demo (fsaverage),a718aabc8f49,48,-0.318329,-4.749670,183.834305,4.760326
implant_explorer,human_demo,Human Demo (fsaverage),a718aabc8f49,52,-0.351043,-3.950560,185.077911,3.966126
implant_explorer,human_demo,Human Demo (fsaverage),a718aabc8f49,53,-0.351043,-3.950560,185.077911,3.966126
implant_explorer,human_demo,Human Demo (fsaverage),a718aabc8f49,54,-0.328898,-4.199163,184.478531,4.212024
implant_explorer,human_demo,Human Demo (fsaverage),a718aabc8f49,55,-0.338385,-4.440910,184.357361,4.453784
implant_explorer,human_demo,Human Demo (fsaverage),a718aabc8f49,56,-0.338385,-4.440910,184.357361,4.453784
implant_explorer,human_demo,Human Demo (fsaverage),a718aabc8f49,57,-0.318329,-4.749670,183.834305,4.760326
implant_explorer,human_demo,Human Demo (fsaverage),a718aabc8f49,58,-0.318329,-4.749670,183.834305,4.760326
implant_explorer,human_demo,Human Demo (fsaverage),a718aabc8f49,64,-0.495802,-4.088153,186.914932,4.118108
implant_explorer,human_demo,Human Demo (fsaverage),a718aabc8f49,65,-0.515631,-4.322739,186.802292,4.353383
implant_explorer,human_demo,Human Demo (fsaverage),a718aabc8f49,66,-0.515631,-4.322739,186.802292,4.353383
implant_explorer,human_demo,Human Demo (fsaverage),a718aabc8f49,67,-0.505972,-4.628035,186.239227,4.655611
implant_explorer,human_demo,Human Demo (fsaverage),a718aabc8f49,68,-0.505972,-4.628035,186.239227,4.655611
implant_explorer,human_demo,Human Demo (fsaverage),a718aabc8f49,74,-0.495802,-4.088153,186.914932,4.118108
implant_explorer,human_demo,Human Demo (fsaverage),a718aabc8f49,75,-0.515631,-4.322739,186.802292,4.353383
implant_explorer,human_demo,Human Demo (fsaverage),a718aabc8f49,76,-0.515631,-4.322739,186.802292,4.353383
implant_explorer,human_demo,Human Demo (fsaverage),a718aabc8f49,77,-0.505972,-4.628035,186.239227,4.655611
implant_explorer,human_demo,Human Demo (fsaverage),a718aabc8f49,78,-0.505972,-4.628035,186.239227,4.655611
implant_explorer,human_demo,Human Demo (fsaverage),a718aabc8f49,84,-0.657558,-3.976414,189.389725,4.030416
implant_explorer,human_demo,Human Demo (fsaverage),a718aabc8f49,85,-0.678773,-4.202253,189.175507,4.256720
implant_explorer,human_demo,Human Demo (fsaverage),a718aabc8f49,86,-0.678773,-4.202253,189.175507,4.256720
implant_explorer,human_demo,Human Demo (fsaverage),a718aabc8f49,87,-0.708028,-4.468674,189.003250,4.524417
implant_explorer,human_demo,Human Demo (fsaverage),a718aabc8f49,88,-0.708028,-4.468674,189.003250,4.524417
implant_explorer,human_demo,Human Demo (fsaverage),a718aabc8f49,89,-0.760679,-4.777291,189.047150,4.837473
implant_explorer,human_demo,Human Demo (fsaverage),a718aabc8f49,94,-0.657558,-3.976414,189.389725,4.030416
implant_explorer,human_demo,Human Demo (fsaverage),a718aabc8f49,95,-0.678773,-4.202253,189.175507,4.256720
implant_explorer,human_demo,Human Demo (fsaverage),a718aabc8f49,96,-0.678773,-4.202253,189.175507,4.256720
implant_explorer,human_demo,Human Demo (fsaverage),a718aabc8f49,97,-0.708028,-4.468674,189.003250,4.524417
implant_explorer,human_demo,Human Demo (fsaverage),a718aabc8f49,98,-0.708028,-4.468674,189.003250,4.524417
implant_explorer,human_demo,Human Demo (fsaverage),a718aabc8f49,99,-0.760679,-4.777291,189.047150,4.837473
implant_explorer,human_demo,Human Demo (fsaverage),79173c9e6c65,0,-0.070663,-4.543653,180.890991,4.544202
implant_explorer,human_demo,Human Demo (fsaverage),79173c9e6c65,1,-0.070663,-4.543653,180.890991,4.544202
implant_explorer,human_demo,Human Demo (fsaverage),79173c9e6c65,2,-0.112082,-4.785498,181.341690,4.786810
implant_explorer,human_demo,Human Demo (fsaverage),79173c9e6c65,3,-0.112082,-4.785498,181.341690,4.786810
implant_explorer,human_demo,Human Demo (fsaverage),79173c9e6c65,4,-0.073687,-5.186618,180.813950,5.187141
implant_explorer,human_demo,Human Demo (fsaverage),79173c9e6c65,5,-0.173980,-5.634040,181.768738,5.636725
implant_explorer,human_demo,Human Demo (fsaverage),79173c9e6c65,6,-0.173980,-5.634040,181.768738,5.636725
implant_explorer,human_demo,Human Demo (fsaverage),79173c9e6c65,9,-0.395178,-6.494343,183.482132,6.506355
implant_explorer,human_demo,Human Demo (fsaverage),79173c9e6c65,10,-0.070663,-4.543653,180.890991,4.544202
implant_explorer,human_demo,Human Demo (fsaverage),79173c9e6c65,11,-0.070663,-4.543653,180.890991,4.544202
implant_explorer,human_demo,Human Demo (fsaverage),79173c9e6c65,12,-0.112082,-4.785498,181.341690,4.786810
implant_explorer,human_demo,Human Demo (fsaverage),79173c9e6c65,13,-0.112082,-4.785498,181.341690,4.786810
implant_explorer,human_demo,Human Demo (fsaverage),79173c9e6c65,14,-0.073687,-5.186618,180.813950,5.187141
implant_explorer,human_demo,Human Demo (fsaverage),79173c9e6c65,15,-0.173980,-5.634040,181.768738,5.636725
implant_explorer,human_demo,Human Demo (fsaverage),79173c9e6c65,16,-0.173980,-5.634040,181.768738,5.636725
implant_explorer,human_demo,Human Demo (fsaverage),79173c9e6c65,19,-0.395178,-6.494343,183.482132,6.506355
implant_explorer,human_demo,Human Demo (fsaverage),79173c9e6c65,20,-0.150603,-4.407870,181.956848,4.410442
implant_explorer,human_demo,Human Demo (fsaverage),79173c9e6c65,21,-0.150603,-4.407870,181.956848,4.410442
implant_explorer,human_demo,Human Demo (fsaverage),79173c9e6c65,22,-0.134121,-4.706656,181.632263,4.708567
implant_explorer,human_demo,Human Demo (fsaverage),79173c9e6c65,23,-0.134121,-4.706656,181.632263,4.708567
implant_explorer,human_demo,Human Demo (fsaverage),79173c9e6c65,24,-0.130021,-5.009092,181.486893,5.010779
implant_explorer,human_demo,Human Demo (fsaverage),79173c9e6c65,25,-0.114480,-5.504357,181.191467,5.505548
implant_explorer,human_demo,Human Demo (fsaverage),79173c9e6c65,26,-0.114480,-5.504357,181.191467,5.505548
implant_explorer,human_demo,Human Demo (fsaverage),79173c9e6c65,27,-0.083035,-6.002161,180.792587,6.002736
implant_explorer,human_demo,Human Demo (fsaverage),79173c9e6c65,28,-0.083035,-6.002161,180.792587,6.002736
implant_explorer,human_demo,Human Demo (fsaverage),79173c9e6c65,29,-0.076081,-6.458790,180.674881,6.459238
implant_explorer,human_demo,Human Demo (fsaverage),79173c9e6c65,30,-0.150603,-4.407870,181.956848,4.410442
implant_explorer,human_demo,Human Demo (fsaverage),79173c9e6c65,31,-0.150603,-4.407870,181.956848,4.410442
implant_explorer,human_demo,Human Demo (fsaverage),79173c9e6c65,32,-0.134121,-4.706656,181.632263,4.708567
implant_explorer,human_demo,Human Demo (fsaverage),79173c9e6c65,33,-0.134121,-4.706656,181.632263,4.708567
implant_explorer,human_demo,Human Demo (fsaverage),79173c9e6c65,34,-0.130021,-5.009092,181.486893,5.010779
implant_explorer,human_demo,Human Demo (fsaverage),79173c9e6c65,35,-0.114480,-5.504357,181.191467,5.505548
implant_explorer,human_demo,Human Demo (fsaverage),79173c9e6c65,36,-0.114480,-5.504357,181.191467,5.505548
implant_explorer,human_demo,Human Demo (fsaverage),79173c9e6c65,37,-0.083035,-6.002161,180.792587,6.002736
implant_explorer,human_demo,Human Demo (fsaverage),79173c9e6c65,38,-0.083035,-6.002161,180.792587,6.002736
implant_explorer,human_demo,Human Demo (fsaverage),79173c9e6c65,39,-0.076081,-6.458790,180.674881,6.459238
implant_explorer,human_demo,Human Demo (fsaverage),79173c9e6c65,40,-0.302353,-4.342845,183.982559,4.353358
implant_explorer,human_demo,Human Demo (fsaverage),79173c9e6c65,41,-0.302353,-4.342845,183.982559,4.353358
implant_explorer,human_demo,Human Demo (fsaverage),79173c9e6c65,42,-0.296798,-4.623471,183.672989,4.632988
implant_explorer,human_demo,Human Demo (fsaverage),79173c9e6c65,43,-0.296798,-4.623471,183.672989,4.632988
implant_explorer,human_demo,Human Demo (fsaverage),79173c9e6c65,44,-0.296748,-4.944237,183.434708,4.953134
implant_explorer,human_demo,Human Demo (fsaverage),79173c9e6c65,45,-0.283233,-5.386630,183.009888,5.394071
implant_explorer,human_demo,Human Demo (fsaverage),79173c9e6c65,46,-0.283233,-5.386630,183.009888,5.394071
implant_explorer,human_demo,Human Demo (fsaverage),79173c9e6c65,47,-0.278300,-5.910471,182.695831,5.917020
implant_explorer,human_demo,Human Demo (fsaverage),79173c9e6c65,48,-0.278300,-5.910471,182.695831,5.917020
implant_explorer,human_demo,Human Demo (fsaverage),79173c9e6c65,49,-0.256224,-6.338919,182.314682,6.344096
implant_explorer,human_demo,Human Demo (fsaverage),79173c9e6c65,50,-0.302353,-4.342845,183.982559,4.353358
implant_explorer,human_demo,Human Demo (fsaverage),79173c9e6c65,51,-0.302353,-4.342845,183.982559,4.353358
implant_explorer,human_demo,Human Demo (fsaverage),79173c9e6c65,52,-0.296798,-4.623471,183.672989,4.632988
implant_explorer,human_demo,Human Demo (fsaverage),79173c9e6c65,53,-0.296798,-4.623471,183.672989,4.632988
implant_explorer,human_demo,Human Demo (fsaverage),79173c9e6c65,54,-0.296748,-4.944237,183.434708,4.953134
implant_explorer,human_demo,Human Demo (fsaverage),79173c9e6c65,55,-0.296748,-4.944237,183.434708,4.953134
implant_explorer,human_demo,Human Demo (fsaverage),79173c9e6c65,56,-0.283233,-5.386630,183.009888,5.394071
implant_explorer,human_demo,Human Demo (fsaverage),79173c9e6c65,57,-0.278300,-5.910471,182.695831,5.917020
implant_explorer,human_demo,Human Demo (fsaverage),79173c9e6c65,58,-0.278300,-5.910471,182.695831,5.917020
implant_explorer,human_demo,Human Demo (fsaverage),79173c9e6c65,59,-0.256224,-6.338919,182.314682,6.344096
implant_explorer,human_demo,Human Demo (fsaverage),79173c9e6c65,62,-0.451677,-4.533520,185.689636,4.555964
implant_explorer,human_demo,Human Demo (fsaverage),79173c9e6c65,63,-0.451677,-4.533520,185.689636,4.555964
implant_explorer,human_demo,Human Demo (fsaverage),79173c9e6c65,64,-0.450921,-4.836951,185.325958,4.857924
implant_explorer,human_demo,Human Demo (fsaverage),79173c9e6c65,65,-0.450921,-4.836951,185.325958,4.857924
implant_explorer,human_demo,Human Demo (fsaverage),79173c9e6c65,66,-0.478891,-5.216434,185.245300,5.238370
implant_explorer,human_demo,Human Demo (fsaverage),79173c9e6c65,67,-0.483435,-5.661287,184.880829,5.681890
implant_explorer,human_demo,Human Demo (fsaverage),79173c9e6c65,68,-0.483435,-5.661287,184.880829,5.681890
implant_explorer,human_demo,Human Demo (fsaverage),79173c9e6c65,69,-0.510314,-6.101680,184.780807,6.122983
implant_explorer,human_demo,Human Demo (fsaverage),79173c9e6c65,72,-0.451677,-4.533520,185.689636,4.555964
implant_explorer,human_demo,Human Demo (fsaverage),79173c9e6c65,73,-0.451677,-4.533520,185.689636,4.555964
implant_explorer,human_demo,Human Demo (fsaverage),79173c9e6c65,74,-0.450921,-4.836951,185.325958,4.857924
implant_explorer,human_demo,Human Demo (fsaverage),79173c9e6c65,75,-0.450921,-4.836951,185.325958,4.857924
implant_explorer,human_demo,Human Demo (fsaverage),79173c9e6c65,76,-0.478891,-5.216434,185.245300,5.238370
implant_explorer,human_demo,Human Demo (fsaverage),79173c9e6c65,77,-0.483435,-5.661287,184.880829,5.681890
implant_explorer,human_demo,Human Demo (fsaverage),79173c9e6c65,78,-0.483435,-5.661287,184.880829,5.681890
implant_explorer,human_demo,Human Demo (fsaverage),79173c9e6c65,79,-0.510314,-6.101680,184.780807,6.122983
implant_explorer,human_demo,Human Demo (fsaverage),79173c9e6c65,82,-0.603606,-4.412397,187.789581,4.453492
implant_explorer,human_demo,Human Demo (fsaverage),79173c9e6c65,83,-0.603606,-4.412397,187.789581,4.453492
implant_explorer,human_demo,Human Demo (fsaverage),79173c9e6c65,84,-0.618226,-4.697882,187.496857,4.738385
implant_explorer,human_demo,Human Demo (fsaverage),79173c9e6c65,85,-0.618226,-4.697882,187.496857,4.738385
implant_explorer,human_demo,Human Demo (fsaverage),79173c9e6c65,86,-0.648422,-5.045254,187.323578,5.086751
implant_explorer,human_demo,Human Demo (fsaverage),79173c9e6c65,87,-0.679523,-5.462628,187.090881,5.504730
implant_explorer,human_demo,Human Demo (fsaverage),79173c9e6c65,88,-0.679523,-5.462628,187.090881,5.504730
implant_explorer,human_demo,Human Demo (fsaverage),79173c9e6c65,89,-0.724050,-5.866496,187.035934,5.911008
implant_explorer,human_demo,Human Demo (fsaverage),79173c9e6c65,92,-0.603606,-4.412397,187.789581,4.453492
implant_explorer,human_demo,Human Demo (fsaverage),79173c9e6c65,93,-0.603606,-4.412397,187.789581,4.453492
implant_explorer,human_demo,Human Demo (fsaverage),79173c9e6c65,94,-0.618226,-4.697882,187.496857,4.738385
implant_explorer,human_demo,Human Demo (fsaverage),79173c9e6c65,95,-0.618226,-4.697882,187.496857,4.738385
implant_explorer,human_demo,Human Demo (fsaverage),79173c9e6c65,96,-0.648422,-5.045254,187.323578,5.086751
implant_explorer,human_demo,Human Demo (fsaverage),79173c9e6c65,97,-0.679523,-5.462628,187.090881,5.504730
implant_explorer,human_demo,Human Demo (fsaverage),79173c9e6c65,98,-0.679523,-5.462628,187.090881,5.504730
implant_explorer,human_demo,Human Demo (fsaverage),79173c9e6c65,99,-0.724050,-5.866496,187.035934,5.911008
implant_explorer,human_demo,Human Demo (fsaverage),7a9225a10c3e,0,-0.174398,-3.174468,183.144531,3.179255
implant_explorer,human_demo,Human Demo (fsaverage),7a9225a10c3e,1,-0.212717,-3.433688,183.544937,3.440271
implant_explorer,human_demo,Human Demo (fsaverage),7a9225a10c3e,2,-0.212717,-3.433688,183.544937,3.440271
implant_explorer,human_demo,Human Demo (fsaverage),7a9225a10c3e,3,-0.269024,-3.676601,184.184982,3.686430
implant_explorer,human_demo,Human Demo (fsaverage),7a9225a10c3e,4,-0.208397,-3.900228,183.058517,3.905792
implant_explorer,human_demo,Human Demo (fsaverage),7a9225a10c3e,5,-0.208397,-3.900228,183.058517,3.905792
implant_explorer,human_demo,Human Demo (fsaverage),7a9225a10c3e,6,-0.161332,-4.119217,182.242889,4.122375
implant_explorer,human_demo,Human Demo (fsaverage),7a9225a10c3e,7,-0.161332,-4.119217,182.242889,4.122375
implant_explorer,human_demo,Human Demo (fsaverage),7a9225a10c3e,11,-0.352669,-3.342269,186.023438,3.360824
implant_explorer,human_demo,Human Demo (fsaverage),7a9225a10c3e,12,-0.352669,-3.342269,186.023438,3.360824
implant_explorer,human_demo,Human Demo (fsaverage),7a9225a10c3e,13,-0.374936,-3.571372,185.993179,3.590999
implant_explorer,human_demo,Human Demo (fsaverage),7a9225a10c3e,14,-0.379633,-3.779584,185.735733,3.798602
implant_explorer,human_demo,Human Demo (fsaverage),7a9225a10c3e,15,-0.379633,-3.779584,185.735733,3.798602
implant_explorer,human_demo,Human Demo (fsaverage),7a9225a10c3e,16,-0.360158,-4.036150,185.099167,4.052187
implant_explorer,human_demo,Human Demo (fsaverage),7a9225a10c3e,17,-0.360158,-4.036150,185.099167,4.052187
implant_explorer,human_demo,Human Demo (fsaverage),7a9225a10c3e,18,-0.360180,-4.268215,184.823563,4.283385
implant_explorer,human_demo,Human Demo (fsaverage),7a9225a10c3e,19,-0.360180,-4.268215,184.823563,4.283385
implant_explorer,human_demo,Human Demo (fsaverage),7a9225a10c3e,21,-0.352669,-3.342269,186.023438,3.360824
implant_explorer,human_demo,Human Demo (fsaverage),7a9225a10c3e,22,-0.352669,-3.342269,186.023438,3.360824
implant_explorer,human_demo,Human Demo (fsaverage),7a9225a10c3e,23,-0.374936,-3.571372,185.993179,3.590999
implant_explorer,human_demo,Human Demo (fsaverage),7a9225a10c3e,24,-0.374936,-3.571372,185.993179,3.590999
implant_explorer,human_demo,Human Demo (fsaverage),7a9225a10c3e,25,-0.379633,-3.779584,185.735733,3.798602
implant_explorer,human_demo,Human Demo (fsaverage),7a9225a10c3e,26,-0.360158,-4.036150,185.099167,4.052187
implant_explorer,human_demo,Human Demo (fsaverage),7a9225a10c3e,27,-0.360158,-4.036150,185.099167,4.052187
implant_explorer,human_demo,Human Demo (fsaverage),7a9225a10c3e,28,-0.360180,-4.268215,184.823563,4.283385
implant_explorer,human_demo,Human Demo (fsaverage),7a9225a10c3e,29,-0.360180,-4.268215,184.823563,4.283385
implant_explorer,human_demo,Human Demo (fsaverage),7a9225a10c3e,33,-0.512238,-3.428845,188.496628,3.466896
implant_explorer,human_demo,Human Demo (fsaverage),7a9225a10c3e,34,-0.512238,-3.428845,188.496628,3.466896
implant_explorer,human_demo,Human Demo (fsaverage),7a9225a10c3e,35,-0.543363,-3.631177,188.510498,3.671606
implant_explorer,human_demo,Human Demo (fsaverage),7a9225a10c3e,36,-0.559302,-3.855775,188.253510,3.896128
implant_explorer,human_demo,Human Demo (fsaverage),7a9225a10c3e,37,-0.559302,-3.855775,188.253510,3.896128
implant_explorer,human_demo,Human Demo (fsaverage),7a9225a10c3e,38,-0.577639,-4.119972,187.981110,4.160269
implant_explorer,human_demo,Human Demo (fsaverage),7a9225a10c3e,39,-0.577639,-4.119972,187.981110,4.160269
implant_explorer,human_demo,Human Demo (fsaverage),7a9225a10c3e,43,-0.512238,-3.428845,188.496628,3.466896
implant_explorer,human_demo,Human Demo (fsaverage),7a9225a10c3e,44,-0.512238,-3.428845,188.496628,3.466896
implant_explorer,human_demo,Human Demo (fsaverage),7a9225a10c3e,45,-0.543363,-3.631177,188.510498,3.671606
implant_explorer,human_demo,Human Demo (fsaverage),7a9225a10c3e,46,-0.559302,-3.855775,188.253510,3.896128
implant_explorer,human_demo,Human Demo (fsaverage),7a9225a10c3e,47,-0.559302,-3.855775,188.253510,3.896128
implant_explorer,human_demo,Human Demo (fsaverage),7a9225a10c3e,48,-0.577639,-4.119972,187.981110,4.160269
implant_explorer,human_demo,Human Demo (fsaverage),7a9225a10c3e,49,-0.577639,-4.119972,187.981110,4.160269
implant_explorer,human_demo,Human Demo (fsaverage),7a9225a10c3e,55,-0.694641,-3.532988,191.123367,3.600630
implant_explorer,human_demo,Human Demo (fsaverage),7a9225a10c3e,56,-0.724177,-3.758917,190.904755,3.828040
implant_explorer,human_demo,Human Demo (fsaverage),7a9225a10c3e,57,-0.724177,-3.758917,190.904755,3.828040
implant_explorer,human_demo,Human Demo (fsaverage),7a9225a10c3e,58,-0.763106,-3.979741,190.854584,4.052243
implant_explorer,human_demo,Human Demo (fsaverage),7a9225a10c3e,59,-0.763106,-3.979741,190.854584,4.052243
implant_explorer,human_demo,Human Demo (fsaverage),7a9225a10c3e,65,-0.694641,-3.532988,191.123367,3.600630
implant_explorer,human_demo,Human Demo (fsaverage),7a9225a10c3e,66,-0.724177,-3.758917,190.904755,3.828040
implant_explorer,human_demo,Human Demo (fsaverage),7a9225a10c3e,67,-0.724177,-3.758917,190.904755,3.828040
implant_explorer,human_demo,Human Demo (fsaverage),7a9225a10c3e,68,-0.763106,-3.979741,190.854584,4.052243
implant_explorer,human_demo,Human Demo (fsaverage),7a9225a10c3e,69,-0.763106,-3.979741,190.854584,4.052243
implant_explorer,human_demo,Human Demo (fsaverage),7a9225a10c3e,76,-0.931868,-3.599503,194.514511,3.718172
implant_explorer,human_demo,Human Demo (fsaverage),7a9225a10c3e,77,-0.931868,-3.599503,194.514511,3.718172
implant_explorer,human_demo,Human Demo (fsaverage),7a9225a10c3e,78,-0.994274,-3.805898,194.641037,3.933629
implant_explorer,human_demo,Human Demo (fsaverage),7a9225a10c3e,79,-0.994274,-3.805898,194.641037,3.933629
implant_explorer,human_demo,Human Demo (fsaverage),7a9225a10c3e,86,-0.931868,-3.599503,194.514511,3.718172
implant_explorer,human_demo,Human Demo (fsaverage),7a9225a10c3e,87,-0.931868,-3.599503,194.514511,3.718172
implant_explorer,human_demo,Human Demo (fsaverage),7a9225a10c3e,88,-0.994274,-3.805898,194.641037,3.933629
implant_explorer,human_demo,Human Demo (fsaverage),7a9225a10c3e,89,-0.994274,-3.805898,194.641037,3.933629
implant_explorer,human_demo,Human Demo (fsaverage),7a9225a10c3e,98,-1.232556,-3.664816,198.588898,3.866532
implant_explorer,human_demo,Human Demo (fsaverage),7a9225a10c3e,99,-1.232556,-3.664816,198.588898,3.866532
implant_explorer,human_demo,Human Demo (fsaverage),c13ecbc90b28,0,-0.041597,-2.773396,180.859299,2.773708
implant_explorer,human_demo,Human Demo (fsaverage),c13ecbc90b28,1,-0.194307,-2.955709,183.761185,2.962089
implant_explorer,human_demo,Human Demo (fsaverage),c13ecbc90b28,2,-0.194307,-2.955709,183.761185,2.962089
implant_explorer,human_demo,Human Demo (fsaverage),c13ecbc90b28,3,-0.171210,-3.258449,183.007751,3.262944
implant_explorer,human_demo,Human Demo (fsaverage),c13ecbc90b28,4,-0.171210,-3.258449,183.007751,3.262944
implant_explorer,human_demo,Human Demo (fsaverage),c13ecbc90b28,5,-0.194582,-3.515403,183.168167,3.520784
implant_explorer,human_demo,Human Demo (fsaverage),c13ecbc90b28,6,-0.194582,-3.515403,183.168167,3.520784
implant_explorer,human_demo,Human Demo (fsaverage),c13ecbc90b28,7,-0.234648,-3.759228,183.571716,3.766545
implant_explorer,human_demo,Human Demo (fsaverage),c13ecbc90b28,8,-0.234648,-3.759228,183.571716,3.766545
implant_explorer,human_demo,Human Demo (fsaverage),c13ecbc90b28,10,-0.197190,-2.717243,184.150665,2.724389
implant_explorer,human_demo,Human Demo (fsaverage),c13ecbc90b28,11,-0.284427,-2.940287,185.525284,2.954011
implant_explorer,human_demo,Human Demo (fsaverage),c13ecbc90b28,12,-0.284427,-2.940287,185.525284,2.954011
implant_explorer,human_demo,Human Demo (fsaverage),c13ecbc90b28,13,-0.309525,-3.191158,185.540054,3.206134
implant_explorer,human_demo,Human Demo (fsaverage),c13ecbc90b28,14,-0.309525,-3.191158,185.540054,3.206134
implant_explorer,human_demo,Human Demo (fsaverage),c13ecbc90b28,15,-0.367113,-3.404394,186.154709,3.424130
implant_explorer,human_demo,Human Demo (fsaverage),c13ecbc90b28,16,-0.367113,-3.404394,186.154709,3.424130
implant_explorer,human_demo,Human Demo (fsaverage),c13ecbc90b28,17,-0.391633,-3.625339,186.165558,3.646431
implant_explorer,human_demo,Human Demo (fsaverage),c13ecbc90b28,18,-0.391633,-3.625339,186.165558,3.646431
implant_explorer,human_demo,Human Demo (fsaverage),c13ecbc90b28,19,-0.411567,-3.811961,186.162201,3.834115
implant_explorer,human_demo,Human Demo (fsaverage),c13ecbc90b28,20,-0.197190,-2.717243,184.150665,2.724389
implant_explorer,human_demo,Human Demo (fsaverage),c13ecbc90b28,21,-0.284427,-2.940287,185.525284,2.954011
implant_explorer,human_demo,Human Demo (fsaverage),c13ecbc90b28,22,-0.284427,-2.940287,185.525284,2.954011
implant_explorer,human_demo,Human Demo (fsaverage),c13ecbc90b28,23,-0.309525,-3.191158,185.540054,3.206134
implant_explorer,human_demo,Human Demo (fsaverage),c13ecbc90b28,24,-0.309525,-3.191158,185.540054,3.206134
implant_explorer,human_demo,Human Demo (fsaverage),c13ecbc90b28,25,-0.367113,-3.404394,186.154709,3.424130
implant_explorer,human_demo,Human Demo (fsaverage),c13ecbc90b28,26,-0.367113,-3.404394,186.154709,3.424130
implant_explorer,human_demo,Human Demo (fsaverage),c13ecbc90b28,27,-0.391633,-3.625339,186.165558,3.646431
implant_explorer,human_demo,Human Demo (fsaverage),c13ecbc90b28,28,-0.391633,-3.625339,186.165558,3.646431
implant_explorer,human_demo,Human Demo (fsaverage),c13ecbc90b28,29,-0.411567,-3.811961,186.162201,3.834115
implant_explorer,human_demo,Human Demo (fsaverage),c13ecbc90b28,30,-0.321272,-2.665695,186.872192,2.684985
implant_explorer,human_demo,Human Demo (fsaverage),c13ecbc90b28,31,-0.405611,-2.854232,188.088074,2.882908
implant_explorer,human_demo,Human Demo (fsaverage),c13ecbc90b28,32,-0.405611,-2.854232,188.088074,2.882908
implant_explorer,human_demo,Human Demo (fsaverage),c13ecbc90b28,33,-0.463982,-3.064187,188.610367,3.099116
implant_explorer,human_demo,Human Demo (fsaverage),c13ecbc90b28,34,-0.463982,-3.064187,188.610367,3.099116
implant_explorer,human_demo,Human Demo (fsaverage),c13ecbc90b28,35,-0.522051,-3.236726,189.162323,3.278556
implant_explorer,human_demo,Human Demo (fsaverage),c13ecbc90b28,36,-0.522051,-3.236726,189.162323,3.278556
implant_explorer,human_demo,Human Demo (fsaverage),c13ecbc90b28,37,-0.570716,-3.449091,189.395523,3.495990
implant_explorer,human_demo,Human Demo (fsaverage),c13ecbc90b28,38,-0.570716,-3.449091,189.395523,3.495990
implant_explorer,human_demo,Human Demo (fsaverage),c13ecbc90b28,39,-0.603645,-3.646717,189.399002,3.696340
implant_explorer,human_demo,Human Demo (fsaverage),c13ecbc90b28,40,-0.321272,-2.665695,186.872192,2.684985
implant_explorer,human_demo,Human Demo (fsaverage),c13ecbc90b28,41,-0.321272,-2.665695,186.872192,2.684985
implant_explorer,human_demo,Human Demo (fsaverage),c13ecbc90b28,42,-0.405611,-2.854232,188.088074,2.882908
implant_explorer,human_demo,Human Demo (fsaverage),c13ecbc90b28,43,-0.463982,-3.064187,188.610367,3.099116
implant_explorer,human_demo,Human Demo (fsaverage),c13ecbc90b28,44,-0.463982,-3.064187,188.610367,3.099116
implant_explorer,human_demo,Human Demo (fsaverage),c13ecbc90b28,45,-0.522051,-3.236726,189.162323,3.278556
implant_explorer,human_demo,Human Demo (fsaverage),c13ecbc90b28,46,-0.522051,-3.236726,189.162323,3.278556
implant_explorer,human_demo,Human Demo (fsaverage),c13ecbc90b28,47,-0.570716,-3.449091,189.395523,3.495990
implant_explorer,human_demo,Human Demo (fsaverage),c13ecbc90b28,48,-0.570716,-3.449091,189.395523,3.495990
implant_explorer,human_demo,Human Demo (fsaverage),c13ecbc90b28,49,-0.603645,-3.646717,189.399002,3.696340
implant_explorer,human_demo,Human Demo (fsaverage),c13ecbc90b28,50,-0.443408,-2.576844,189.763504,2.614715
implant_explorer,human_demo,Human Demo (fsaverage),c13ecbc90b28,51,-0.443408,-2.576844,189.763504,2.614715
implant_explorer,human_demo,Human Demo (fsaverage),c13ecbc90b28,52,-0.528884,-2.745838,190.902390,2.796309
implant_explorer,human_demo,Human Demo (fsaverage),c13ecbc90b28,53,-0.615137,-2.922915,191.884659,2.986943
implant_explorer,human_demo,Human Demo (fsaverage),c13ecbc90b28,54,-0.615137,-2.922915,191.884659,2.986943
implant_explorer,human_demo,Human Demo (fsaverage),c13ecbc90b28,55,-0.698838,-3.098256,192.710831,3.176092
implant_explorer,human_demo,Human Demo (fsaverage),c13ecbc90b28,56,-0.698838,-3.098256,192.710831,3.176092
implant_explorer,human_demo,Human Demo (fsaverage),c13ecbc90b28,57,-0.768860,-3.300552,193.113129,3.388922
implant_explorer,human_demo,Human Demo (fsaverage),c13ecbc90b28,58,-0.768860,-3.300552,193.113129,3.388922
implant_explorer,human_demo,Human Demo (fsaverage),c13ecbc90b28,59,-0.806624,-3.497476,192.987061,3.589287
implant_explorer,human_demo,Human Demo (fsaverage),c13ecbc90b28,60,-0.443408,-2.576844,189.763504,2.614715
implant_explorer,human_demo,Human Demo (fsaverage),c13ecbc90b28,61,-0.443408,-2.576844,189.763504,2.614715
implant_explorer,human_demo,Human Demo (fsaverage),c13ecbc90b28,62,-0.528884,-2.745838,190.902390,2.796309
implant_explorer,human_demo,Human Demo (fsaverage),c13ecbc90b28,63,-0.615137,-2.922915,191.884659,2.986943
implant_explorer,human_demo,Human Demo (fsaverage),c13ecbc90b28,64,-0.615137,-2.922915,191.884659,2.986943
implant_explorer,human_demo,Human Demo (fsaverage),c13ecbc90b28,65,-0.698838,-3.098256,192.710831,3.176092
implant_explorer,human_demo,Human Demo (fsaverage),c13ecbc90b28,66,-0.698838,-3.098256,192.710831,3.176092
implant_explorer,human_demo,Human Demo (fsaverage),c13ecbc90b28,67,-0.768860,-3.300552,193.113129,3.388922
implant_explorer,human_demo,Human Demo (fsaverage),c13ecbc90b28,68,-0.768860,-3.300552,193.113129,3.388922
implant_explorer,human_demo,Human Demo (fsaverage),c13ecbc90b28,69,-0.806624,-3.497476,192.987061,3.589287
implant_explorer,human_demo,Human Demo (fsaverage),c13ecbc90b28,79,-1.065174,-3.320818,197.783981,3.487468
implant_explorer,human_demo,Human Demo (fsaverage),c13ecbc90b28,89,-1.065174,-3.320818,197.783981,3.487468
implant_explorer,human_demo,Human Demo (fsaverage),627d09027292,1,-0.054846,-2.683951,181.170654,2.684512
implant_explorer,human_demo,Human Demo (fsaverage),627d09027292,2,-0.054846,-2.683951,181.170654,2.684512
implant_explorer,human_demo,Human Demo (fsaverage),627d09027292,3,-0.027399,-2.845528,180.551682,2.845659
implant_explorer,human_demo,Human Demo (fsaverage),627d09027292,4,-0.099361,-3.089338,181.842148,3.090935
implant_explorer,human_demo,Human Demo (fsaverage),627d09027292,5,-0.099361,-3.089338,181.842148,3.090935
implant_explorer,human_demo,Human Demo (fsaverage),627d09027292,10,-0.095264,-2.391403,182.281235,2.393299
implant_explorer,human_demo,Human Demo (fsaverage),627d09027292,11,-0.164983,-2.583136,183.654480,2.588399
implant_explorer,human_demo,Human Demo (fsaverage),627d09027292,12,-0.164983,-2.583136,183.654480,2.588399
implant_explorer,human_demo,Human Demo (fsaverage),627d09027292,13,-0.235532,-2.776193,184.849350,2.786166
implant_explorer,human_demo,Human Demo (fsaverage),627d09027292,14,-0.280362,-3.038765,185.271286,3.051671
implant_explorer,human_demo,Human Demo (fsaverage),627d09027292,15,-0.280362,-3.038765,185.271286,3.051671
implant_explorer,human_demo,Human Demo (fsaverage),627d09027292,16,-0.337796,-3.250739,185.932526,3.268243
implant_explorer,human_demo,Human Demo (fsaverage),627d09027292,17,-0.337796,-3.250739,185.932526,3.268243
implant_explorer,human_demo,Human Demo (fsaverage),627d09027292,20,-0.095264,-2.391403,182.281235,2.393299
implant_explorer,human_demo,Human Demo (fsaverage),627d09027292,21,-0.164983,-2.583136,183.654480,2.588399
implant_explorer,human_demo,Human Demo (fsaverage),627d09027292,22,-0.164983,-2.583136,183.654480,2.588399
implant_explorer,human_demo,Human Demo (fsaverage),627d09027292,23,-0.235532,-2.776193,184.849350,2.786166
implant_explorer,human_demo,Human Demo (fsaverage),627d09027292,24,-0.235532,-2.776193,184.849350,2.786166
implant_explorer,human_demo,Human Demo (fsaverage),627d09027292,25,-0.280362,-3.038765,185.271286,3.051671
implant_explorer,human_demo,Human Demo (fsaverage),627d09027292,26,-0.337796,-3.250739,185.932526,3.268243
implant_explorer,human_demo,Human Demo (fsaverage),627d09027292,27,-0.337796,-3.250739,185.932526,3.268243
implant_explorer,human_demo,Human Demo (fsaverage),627d09027292,30,-0.223538,-2.312087,185.522324,2.322868
implant_explorer,human_demo,Human Demo (fsaverage),627d09027292,31,-0.293720,-2.538203,186.600891,2.555141
implant_explorer,human_demo,Human Demo (fsaverage),627d09027292,32,-0.293720,-2.538203,186.600891,2.555141
implant_explorer,human_demo,Human Demo (fsaverage),627d09027292,33,-0.350175,-2.725928,187.320175,2.748327
implant_explorer,human_demo,Human Demo (fsaverage),627d09027292,34,-0.350175,-2.725928,187.320175,2.748327
implant_explorer,human_demo,Human Demo (fsaverage),627d09027292,35,-0.443021,-2.925940,188.609848,2.959290
implant_explorer,human_demo,Human Demo (fsaverage),627d09027292,36,-0.513439,-3.086374,189.445038,3.128789
implant_explorer,human_demo,Human Demo (fsaverage),627d09027292,37,-0.513439,-3.086374,189.445038,3.128789
implant_explorer,human_demo,Human Demo (fsaverage),627d09027292,38,-0.583211,-3.258227,190.148270,3.310012
implant_explorer,human_demo,Human Demo (fsaverage),627d09027292,39,-0.583211,-3.258227,190.148270,3.310012
implant_explorer,human_demo,Human Demo (fsaverage),627d09027292,40,-0.223538,-2.312087,185.522324,2.322868
implant_explorer,human_demo,Human Demo (fsaverage),627d09027292,41,-0.293720,-2.538203,186.600891,2.555141
implant_explorer,human_demo,Human Demo (fsaverage),627d09027292,42,-0.293720,-2.538203,186.600891,2.555141
implant_explorer,human_demo,Human Demo (fsaverage),627d09027292,43,-0.350175,-2.725928,187.320175,2.748327
implant_explorer,human_demo,Human Demo (fsaverage),627d09027292,44,-0.350175,-2.725928,187.320175,2.748327
implant_explorer,human_demo,Human Demo (fsaverage),627d09027292,45,-0.443021,-2.925940,188.609848,2.959290
implant_explorer,human_demo,Human Demo (fsaverage),627d09027292,46,-0.513439,-3.086374,189.445038,3.128789
implant_explorer,human_demo,Human Demo (fsaverage),627d09027292,47,-0.513439,-3.086374,189.445038,3.128789
implant_explorer,human_demo,Human Demo (fsaverage),627d09027292,48,-0.583211,-3.258227,190.148270,3.310012
implant_explorer,human_demo,Human Demo (fsaverage),627d09027292,49,-0.583211,-3.258227,190.148270,3.310012
implant_explorer,human_demo,Human Demo (fsaverage),627d09027292,50,-0.345198,-2.267643,188.655548,2.293767
implant_explorer,human_demo,Human Demo (fsaverage),627d09027292,51,-0.412290,-2.456487,189.527573,2.490845
implant_explorer,human_demo,Human Demo (fsaverage),627d09027292,52,-0.412290,-2.456487,189.527573,2.490845
implant_explorer,human_demo,Human Demo (fsaverage),627d09027292,53,-0.499047,-2.602143,190.856537,2.649566
implant_explorer,human_demo,Human Demo (fsaverage),627d09027292,54,-0.499047,-2.602143,190.856537,2.649566
implant_explorer,human_demo,Human Demo (fsaverage),627d09027292,55,-0.611419,-2.752068,192.525803,2.819169
implant_explorer,human_demo,Human Demo (fsaverage),627d09027292,56,-0.723898,-2.882691,194.096558,2.972194
implant_explorer,human_demo,Human Demo (fsaverage),627d09027292,57,-0.723898,-2.882691,194.096558,2.972194
implant_explorer,human_demo,Human Demo (fsaverage),627d09027292,58,-0.845428,-3.044557,195.519180,3.159759
implant_explorer,human_demo,Human Demo (fsaverage),627d09027292,59,-0.845428,-3.044557,195.519180,3.159759
implant_explorer,human_demo,Human Demo (fsaverage),627d09027292,60,-0.345198,-2.267643,188.655548,2.293767
implant_explorer,human_demo,Human Demo (fsaverage),627d09027292,61,-0.412290,-2.456487,189.527573,2.490845
implant_explorer,human_demo,Human Demo (fsaverage),627d09027292,62,-0.412290,-2.456487,189.527573,2.490845
implant_explorer,human_demo,Human Demo (fsaverage),627d09027292,63,-0.499047,-2.602143,190.856537,2.649566
implant_explorer,human_demo,Human Demo (fsaverage),627d09027292,64,-0.499047,-2.602143,190.856537,2.649566
implant_explorer,human_demo,Human Demo (fsaverage),627d09027292,65,-0.611419,-2.752068,192.525803,2.819169
implant_explorer,human_demo,Human Demo (fsaverage),627d09027292,66,-0.723898,-2.882691,194.096558,2.972194
implant_explorer,human_demo,Human Demo (fsaverage),627d09027292,67,-0.723898,-2.882691,194.096558,2.972194
implant_explorer,human_demo,Human Demo (fsaverage),627d09027292,68,-0.845428,-3.044557,195.519180,3.159759
implant_explorer,human_demo,Human Demo (fsaverage),627d09027292,69,-0.845428,-3.044557,195.519180,3.159759
implant_explorer,human_demo,Human Demo (fsaverage),627d09027292,70,-0.461729,-2.188826,191.911804,2.236996
implant_explorer,human_demo,Human Demo (fsaverage),627d09027292,71,-0.545273,-2.331574,193.162888,2.394485
implant_explorer,human_demo,Human Demo (fsaverage),627d09027292,72,-0.545273,-2.331574,193.162888,2.394485
implant_explorer,human_demo,Human Demo (fsaverage),627d09027292,73,-0.653960,-2.474858,194.801605,2.559802
implant_explorer,human_demo,Human Demo (fsaverage),627d09027292,74,-0.653960,-2.474858,194.801605,2.559802
implant_explorer,human_demo,Human Demo (fsaverage),627d09027292,75,-0.816601,-2.578617,197.572052,2.704830
implant_explorer,human_demo,Human Demo (fsaverage),627d09027292,76,-1.033961,-2.682001,201.082581,2.874405
implant_explorer,human_demo,Human Demo (fsaverage),627d09027292,77,-1.033961,-2.682001,201.082581,2.874405
implant_explorer,human_demo,Human Demo (fsaverage),627d09027292,78,-1.176639,-2.821742,202.635666,3.057239
implant_explorer,human_demo,Human Demo (fsaverage),627d09027292,79,-1.176639,-2.821742,202.635666,3.057239
implant_explorer,human_demo,Human Demo (fsaverage),627d09027292,80,-0.461729,-2.188826,191.911804,2.236996
implant_explorer,human_demo,Human Demo (fsaverage),627d09027292,81,-0.545273,-2.331574,193.162888,2.394485
implant_explorer,human_demo,Human Demo (fsaverage),627d09027292,82,-0.545273,-2.331574,193.162888,2.394485
implant_explorer,human_demo,Human Demo (fsaverage),627d09027292,83,-0.653960,-2.474858,194.801605,2.559802
implant_explorer,human_demo,Human Demo (fsaverage),627d09027292,84,-0.653960,-2.474858,194.801605,2.559802
implant_explorer,human_demo,Human Demo (fsaverage),627d09027292,85,-0.816601,-2.578617,197.572052,2.704830
implant_explorer,human_demo,Human Demo (fsaverage),627d09027292,86,-1.033961,-2.682001,201.082581,2.874405
implant_explorer,human_demo,Human Demo (fsaverage),627d09027292,87,-1.033961,-2.682001,201.082581,2.874405
implant_explorer,human_demo,Human Demo (fsaverage),627d09027292,88,-1.176639,-2.821742,202.635666,3.057239
implant_explorer,human_demo,Human Demo (fsaverage),627d09027292,89,-1.176639,-2.821742,202.635666,3.057239
implant_explorer,human_demo,Human Demo (fsaverage),627d09027292,90,-0.566139,-2.079980,195.226181,2.155651
implant_explorer,human_demo,Human Demo (fsaverage),627d09027292,91,-0.679458,-2.227920,196.960342,2.329226
implant_explorer,human_demo,Human Demo (fsaverage),627d09027292,92,-0.679458,-2.227920,196.960342,2.329226
implant_explorer,human_demo,Human Demo (fsaverage),627d09027292,93,-0.831461,-2.333843,199.609070,2.477529
implant_explorer,human_demo,Human Demo (fsaverage),627d09027292,94,-0.831461,-2.333843,199.609070,2.477529
implant_explorer,human_demo,Human Demo (fsaverage),627d09027292,95,-1.107404,-2.358892,205.148148,2.605901
implant_explorer,human_demo,Human Demo (fsaverage),627d09027292,96,-1.107404,-2.358892,205.148148,2.605901
implant_explorer,human_demo,Human Demo (fsaverage),dde04b42ddf8,0,-0.069853,-2.301368,181.738556,2.302428
implant_explorer,human_demo,Human Demo (fsaverage),dde04b42ddf8,1,-0.069853,-2.301368,181.738556,2.302428
implant_explorer,human_demo,Human Demo (fsaverage),dde04b42ddf8,2,-0.050239,-2.469132,181.165634,2.469643
implant_explorer,human_demo,Human Demo (fsaverage),dde04b42ddf8,3,-0.050239,-2.469132,181.165634,2.469643
implant_explorer,human_demo,Human Demo (fsaverage),dde04b42ddf8,4,-0.136785,-2.660978,182.942642,2.664491
implant_explorer,human_demo,Human Demo (fsaverage),dde04b42ddf8,5,-0.136785,-2.660978,182.942642,2.664491
implant_explorer,human_demo,Human Demo (fsaverage),dde04b42ddf8,10,-0.069853,-2.301368,181.738556,2.302428
implant_explorer,human_demo,Human Demo (fsaverage),dde04b42ddf8,11,-0.069853,-2.301368,181.738556,2.302428
implant_explorer,human_demo,Human Demo (fsaverage),dde04b42ddf8,12,-0.050239,-2.469132,181.165634,2.469643
implant_explorer,human_demo,Human Demo (fsaverage),dde04b42ddf8,13,-0.050239,-2.469132,181.165634,2.469643
implant_explorer,human_demo,Human Demo (fsaverage),dde04b42ddf8,14,-0.136785,-2.660978,182.942642,2.664491
implant_explorer,human_demo,Human Demo (fsaverage),dde04b42ddf8,15,-0.136785,-2.660978,182.942642,2.664491
implant_explorer,human_demo,Human Demo (fsaverage),dde04b42ddf8,20,-0.187381,-2.206463,184.854126,2.214406
implant_explorer,human_demo,Human Demo (fsaverage),dde04b42ddf8,21,-0.187381,-2.206463,184.854126,2.214406
implant_explorer,human_demo,Human Demo (fsaverage),dde04b42ddf8,22,-0.216096,-2.357030,185.238327,2.366916
implant_explorer,human_demo,Human Demo (fsaverage),dde04b42ddf8,23,-0.216096,-2.357030,185.238327,2.366916
implant_explorer,human_demo,Human Demo (fsaverage),dde04b42ddf8,24,-0.309067,-2.600621,186.777451,2.618922
implant_explorer,human_demo,Human Demo (fsaverage),dde04b42ddf8,25,-0.309067,-2.600621,186.777451,2.618922
implant_explorer,human_demo,Human Demo (fsaverage),dde04b42ddf8,30,-0.187381,-2.206463,184.854126,2.214406
implant_explorer,human_demo,Human Demo (fsaverage),dde04b42ddf8,31,-0.187381,-2.206463,184.854126,2.214406
implant_explorer,human_demo,Human Demo (fsaverage),dde04b42ddf8,32,-0.216096,-2.357030,185.238327,2.366916
implant_explorer,human_demo,Human Demo (fsaverage),dde04b42ddf8,33,-0.216096,-2.357030,185.238327,2.366916
implant_explorer,human_demo,Human Demo (fsaverage),dde04b42ddf8,34,-0.309067,-2.600621,186.777451,2.618922
implant_explorer,human_demo,Human Demo (fsaverage),dde04b42ddf8,35,-0.309067,-2.600621,186.777451,2.618922
implant_explorer,human_demo,Human Demo (fsaverage),dde04b42ddf8,40,-0.291442,-2.135790,187.770370,2.155582
implant_explorer,human_demo,Human Demo (fsaverage),dde04b42ddf8,41,-0.291442,-2.135790,187.770370,2.155582
implant_explorer,human_demo,Human Demo (fsaverage),dde04b42ddf8,42,-0.373601,-2.305619,189.204178,2.335692
implant_explorer,human_demo,Human Demo (fsaverage),dde04b42ddf8,43,-0.373601,-2.305619,189.204178,2.335692
implant_explorer,human_demo,Human Demo (fsaverage),dde04b42ddf8,44,-0.463839,-2.480721,190.590729,2.523712
implant_explorer,human_demo,Human Demo (fsaverage),dde04b42ddf8,45,-0.463839,-2.480721,190.590729,2.523712
implant_explorer,human_demo,Human Demo (fsaverage),dde04b42ddf8,46,-0.587654,-2.610877,192.684708,2.676194
implant_explorer,human_demo,Human Demo (fsaverage),dde04b42ddf8,47,-0.587654,-2.610877,192.684708,2.676194
implant_explorer,human_demo,Human Demo (fsaverage),dde04b42ddf8,48,-0.738181,-2.705494,195.261398,2.804391
implant_explorer,human_demo,Human Demo (fsaverage),dde04b42ddf8,49,-0.915997,-2.823038,197.976807,2.967927
implant_explorer,human_demo,Human Demo (fsaverage),dde04b42ddf8,50,-0.291442,-2.135790,187.770370,2.155582
implant_explorer,human_demo,Human Demo (fsaverage),dde04b42ddf8,51,-0.291442,-2.135790,187.770370,2.155582
implant_explorer,human_demo,Human Demo (fsaverage),dde04b42ddf8,52,-0.373601,-2.305619,189.204178,2.335692
implant_explorer,human_demo,Human Demo (fsaverage),dde04b42ddf8,53,-0.373601,-2.305619,189.204178,2.335692
implant_explorer,human_demo,Human Demo (fsaverage),dde04b42ddf8,54,-0.463839,-2.480721,190.590729,2.523712
implant_explorer,human_demo,Human Demo (fsaverage),dde04b42ddf8,55,-0.463839,-2.480721,190.590729,2.523712
implant_explorer,human_demo,Human Demo (fsaverage),dde04b42ddf8,56,-0.587654,-2.610877,192.684708,2.676194
implant_explorer,human_demo,Human Demo (fsaverage),dde04b42ddf8,57,-0.587654,-2.610877,192.684708,2.676194
implant_explorer,human_demo,Human Demo (fsaverage),dde04b42ddf8,58,-0.738181,-2.705494,195.261398,2.804391
implant_explorer,human_demo,Human Demo (fsaverage),dde04b42ddf8,59,-0.915997,-2.823038,197.976807,2.967927
implant_explorer,human_demo,Human Demo (fsaverage),dde04b42ddf8,60,-0.403268,-2.070859,191.019547,2.109759
implant_explorer,human_demo,Human Demo (fsaverage),dde04b42ddf8,61,-0.403268,-2.070859,191.019547,2.109759
implant_explorer,human_demo,Human Demo (fsaverage),dde04b42ddf8,62,-0.505607,-2.199236,192.947388,2.256608
implant_explorer,human_demo,Human Demo (fsaverage),dde04b42ddf8,63,-0.505607,-2.199236,192.947388,2.256608
implant_explorer,human_demo,Human Demo (fsaverage),dde04b42ddf8,64,-0.627032,-2.350370,194.937485,2.432572
implant_explorer,human_demo,Human Demo (fsaverage),dde04b42ddf8,65,-0.627032,-2.350370,194.937485,2.432572
implant_explorer,human_demo,Human Demo (fsaverage),dde04b42ddf8,66,-0.796301,-2.451854,197.992508,2.577922
implant_explorer,human_demo,Human Demo (fsaverage),dde04b42ddf8,67,-0.796301,-2.451854,197.992508,2.577922
implant_explorer,human_demo,Human Demo (fsaverage),dde04b42ddf8,68,-1.104152,-2.473792,204.053101,2.709022
implant_explorer,human_demo,Human Demo (fsaverage),dde04b42ddf8,69,-1.383601,-2.531503,208.658951,2.884937
implant_explorer,human_demo,Human Demo (fsaverage),dde04b42ddf8,70,-0.318302,-1.901388,189.503479,1.927846
implant_explorer,human_demo,Human Demo (fsaverage),dde04b42ddf8,71,-0.403268,-2.070859,191.019547,2.109759
implant_explorer,human_demo,Human Demo (fsaverage),dde04b42ddf8,72,-0.505607,-2.199236,192.947388,2.256608
implant_explorer,human_demo,Human Demo (fsaverage),dde04b42ddf8,73,-0.505607,-2.199236,192.947388,2.256608
implant_explorer,human_demo,Human Demo (fsaverage),dde04b42ddf8,74,-0.627032,-2.350370,194.937485,2.432572
implant_explorer,human_demo,Human Demo (fsaverage),dde04b42ddf8,75,-0.627032,-2.350370,194.937485,2.432572
implant_explorer,human_demo,Human Demo (fsaverage),dde04b42ddf8,76,-0.796301,-2.451854,197.992508,2.577922
implant_explorer,human_demo,Human Demo (fsaverage),dde04b42ddf8,77,-0.796301,-2.451854,197.992508,2.577922
implant_explorer,human_demo,Human Demo (fsaverage),dde04b42ddf8,78,-1.104152,-2.473792,204.053101,2.709022
implant_explorer,human_demo,Human Demo (fsaverage),dde04b42ddf8,79,-1.104152,-2.473792,204.053101,2.709022
implant_explorer,human_demo,Human Demo (fsaverage),dde04b42ddf8,80,-0.387670,-1.814816,192.057953,1.855760
implant_explorer,human_demo,Human Demo (fsaverage),dde04b42ddf8,81,-0.505749,-1.952588,194.521332,2.017024
implant_explorer,human_demo,Human Demo (fsaverage),dde04b42ddf8,82,-0.639906,-2.078792,197.109726,2.175053
implant_explorer,human_demo,Human Demo (fsaverage),dde04b42ddf8,83,-0.639906,-2.078792,197.109726,2.175053
implant_explorer,human_demo,Human Demo (fsaverage),dde04b42ddf8,84,-0.806542,-2.200101,200.132599,2.343279
implant_explorer,human_demo,Human Demo (fsaverage),dde04b42ddf8,85,-0.806542,-2.200101,200.132599,2.343279
implant_explorer,human_demo,Human Demo (fsaverage),dde04b42ddf8,86,-1.070955,-2.221825,205.734818,2.466465
implant_explorer,human_demo,Human Demo (fsaverage),dde04b42ddf8,87,-1.070955,-2.221825,205.734818,2.466465
implant_explorer,human_demo,Human Demo (fsaverage),dde04b42ddf8,88,-1.452303,-2.201599,213.411163,2.637465
implant_explorer,human_demo,Human Demo (fsaverage),dde04b42ddf8,89,-1.452303,-2.201599,213.411163,2.637465
implant_explorer,human_demo,Human Demo (fsaverage),dde04b42ddf8,90,-0.387670,-1.814816,192.057953,1.855760
implant_explorer,human_demo,Human Demo (fsaverage),dde04b42ddf8,91,-0.505749,-1.952588,194.521332,2.017024
implant_explorer,human_demo,Human Demo (fsaverage),dde04b42ddf8,92,-0.639906,-2.078792,197.109726,2.175053
implant_explorer,human_demo,Human Demo (fsaverage),dde04b42ddf8,93,-0.639906,-2.078792,197.109726,2.175053
implant_explorer,human_demo,Human Demo (fsaverage),dde04b42ddf8,94,-0.806542,-2.200101,200.132599,2.343279
implant_explorer,human_demo,Human Demo (fsaverage),dde04b42ddf8,95,-0.806542,-2.200101,200.132599,2.343279
implant_explorer,human_demo,Human Demo (fsaverage),dde04b42ddf8,96,-1.070955,-2.221825,205.734818,2.466465
implant_explorer,human_demo,Human Demo (fsaverage),dde04b42ddf8,97,-1.070955,-2.221825,205.734818,2.466465
implant_explorer,human_demo,Human Demo (fsaverage),dde04b42ddf8,98,-1.452303,-2.201599,213.411163,2.637465
implant_explorer,human_demo,Human Demo (fsaverage),dde04b42ddf8,99,-1.452303,-2.201599,213.411163,2.637465
implant_explorer,human_demo,Human Demo (fsaverage),c496aadc794f,3,-0.108356,-2.259200,182.745926,2.261797
implant_explorer,human_demo,Human Demo (fsaverage),c496aadc794f,4,-0.108356,-2.259200,182.745926,2.261797
implant_explorer,human_demo,Human Demo (fsaverage),c496aadc794f,11,-0.053236,-2.056274,181.483017,2.056963
implant_explorer,human_demo,Human Demo (fsaverage),c496aadc794f,12,-0.053236,-2.056274,181.483017,2.056963
implant_explorer,human_demo,Human Demo (fsaverage),c496aadc794f,13,-0.043399,-2.202268,181.128952,2.202696
implant_explorer,human_demo,Human Demo (fsaverage),c496aadc794f,14,-0.043399,-2.202268,181.128952,2.202696
implant_explorer,human_demo,Human Demo (fsaverage),c496aadc794f,15,-0.053404,-2.346919,181.303528,2.347527
implant_explorer,human_demo,Human Demo (fsaverage),c496aadc794f,21,-0.053236,-2.056274,181.483017,2.056963
implant_explorer,human_demo,Human Demo (fsaverage),c496aadc794f,22,-0.053236,-2.056274,181.483017,2.056963
implant_explorer,human_demo,Human Demo (fsaverage),c496aadc794f,23,-0.043399,-2.202268,181.128952,2.202696
implant_explorer,human_demo,Human Demo (fsaverage),c496aadc794f,24,-0.043399,-2.202268,181.128952,2.202696
implant_explorer,human_demo,Human Demo (fsaverage),c496aadc794f,25,-0.053404,-2.346919,181.303528,2.347527
implant_explorer,human_demo,Human Demo (fsaverage),c496aadc794f,26,-0.053404,-2.346919,181.303528,2.347527
implant_explorer,human_demo,Human Demo (fsaverage),c496aadc794f,31,-0.117642,-1.973968,183.410599,1.977471
implant_explorer,human_demo,Human Demo (fsaverage),c496aadc794f,32,-0.117642,-1.973968,183.410599,1.977471
implant_explorer,human_demo,Human Demo (fsaverage),c496aadc794f,33,-0.146759,-2.100474,183.996735,2.105595
implant_explorer,human_demo,Human Demo (fsaverage),c496aadc794f,34,-0.146759,-2.100474,183.996735,2.105595
implant_explorer,human_demo,Human Demo (fsaverage),c496aadc794f,35,-0.158567,-2.237616,184.053452,2.243228
implant_explorer,human_demo,Human Demo (fsaverage),c496aadc794f,36,-0.158567,-2.237616,184.053452,2.243228
implant_explorer,human_demo,Human Demo (fsaverage),c496aadc794f,41,-0.117642,-1.973968,183.410599,1.977471
implant_explorer,human_demo,Human Demo (fsaverage),c496aadc794f,42,-0.117642,-1.973968,183.410599,1.977471
implant_explorer,human_demo,Human Demo (fsaverage),c496aadc794f,43,-0.146759,-2.100474,183.996735,2.105595
implant_explorer,human_demo,Human Demo (fsaverage),c496aadc794f,44,-0.146759,-2.100474,183.996735,2.105595
implant_explorer,human_demo,Human Demo (fsaverage),c496aadc794f,45,-0.158567,-2.237616,184.053452,2.243228
implant_explorer,human_demo,Human Demo (fsaverage),c496aadc794f,46,-0.158567,-2.237616,184.053452,2.243228
implant_explorer,human_demo,Human Demo (fsaverage),c496aadc794f,51,-0.199512,-1.882711,186.049088,1.893252
implant_explorer,human_demo,Human Demo (fsaverage),c496aadc794f,52,-0.199512,-1.882711,186.049088,1.893252
implant_explorer,human_demo,Human Demo (fsaverage),c496aadc794f,53,-0.232405,-2.013594,186.583832,2.026961
implant_explorer,human_demo,Human Demo (fsaverage),c496aadc794f,54,-0.232405,-2.013594,186.583832,2.026961
implant_explorer,human_demo,Human Demo (fsaverage),c496aadc794f,61,-0.199512,-1.882711,186.049088,1.893252
implant_explorer,human_demo,Human Demo (fsaverage),c496aadc794f,62,-0.199512,-1.882711,186.049088,1.893252
implant_explorer,human_demo,Human Demo (fsaverage),c496aadc794f,63,-0.232405,-2.013594,186.583832,2.026961
implant_explorer,human_demo,Human Demo (fsaverage),c496aadc794f,64,-0.232405,-2.013594,186.583832,2.026961
implant_explorer,human_demo,Human Demo (fsaverage),c496aadc794f,70,-0.221854,-1.693282,187.464371,1.707754
implant_explorer,human_demo,Human Demo (fsaverage),c496aadc794f,71,-0.259105,-1.793318,188.221420,1.811939
implant_explorer,human_demo,Human Demo (fsaverage),c496aadc794f,72,-0.259105,-1.793318,188.221420,1.811939
implant_explorer,human_demo,Human Demo (fsaverage),c496aadc794f,73,-0.325089,-1.907494,189.671829,1.934998
implant_explorer,human_demo,Human Demo (fsaverage),c496aadc794f,74,-0.325089,-1.907494,189.671829,1.934998
implant_explorer,human_demo,Human Demo (fsaverage),c496aadc794f,75,-0.442983,-2.081117,192.016525,2.127741
implant_explorer,human_demo,Human Demo (fsaverage),c496aadc794f,76,-0.442983,-2.081117,192.016525,2.127741
implant_explorer,human_demo,Human Demo (fsaverage),c496aadc794f,80,-0.221854,-1.693282,187.464371,1.707754
implant_explorer,human_demo,Human Demo (fsaverage),c496aadc794f,81,-0.259105,-1.793318,188.221420,1.811939
implant_explorer,human_demo,Human Demo (fsaverage),c496aadc794f,82,-0.259105,-1.793318,188.221420,1.811939
implant_explorer,human_demo,Human Demo (fsaverage),c496aadc794f,83,-0.325089,-1.907494,189.671829,1.934998
implant_explorer,human_demo,Human Demo (fsaverage),c496aadc794f,84,-0.325089,-1.907494,189.671829,1.934998
implant_explorer,human_demo,Human Demo (fsaverage),c496aadc794f,85,-0.442983,-2.081117,192.016525,2.127741
implant_explorer,human_demo,Human Demo (fsaverage),c496aadc794f,86,-0.442983,-2.081117,192.016525,2.127741
implant_explorer,human_demo,Human Demo (fsaverage),c496aadc794f,90,-0.263562,-1.610259,189.295563,1.631686
implant_explorer,human_demo,Human Demo (fsaverage),c496aadc794f,91,-0.320525,-1.697885,190.690430,1.727874
implant_explorer,human_demo,Human Demo (fsaverage),c496aadc794f,92,-0.320525,-1.697885,190.690430,1.727874
implant_explorer,human_demo,Human Demo (fsaverage),c496aadc794f,93,-0.417066,-1.828710,192.847473,1.875666
implant_explorer,human_demo,Human Demo (fsaverage),c496aadc794f,94,-0.417066,-1.828710,192.847473,1.875666
implant_explorer,human_demo,Human Demo (fsaverage),c496aadc794f,95,-0.567861,-1.933340,196.368591,2.015011
implant_explorer,human_demo,Human Demo (fsaverage),c496aadc794f,96,-0.567861,-1.933340,196.368591,2.015011
implant_explorer,human_demo,Human Demo (fsaverage),c496aadc794f,97,-0.763132,-2.060480,200.322922,2.197259
implant_explorer,human_demo,Human Demo (fsaverage),c496aadc794f,98,-0.763132,-2.060480,200.322922,2.197259
implant_explorer,human_demo,Human Demo (fsaverage),c496aadc794f,99,-1.033051,-2.089048,206.312759,2.330518
implant_explorer,human_demo,Human Demo (fsaverage),2e98a267dd38,10,-0.054487,-1.925894,181.620560,1.926664
implant_explorer,human_demo,Human Demo (fsaverage),2e98a267dd38,11,-0.054487,-1.925894,181.620560,1.926664
implant_explorer,human_demo,Human Demo (fsaverage),2e98a267dd38,12,-0.053411,-2.060306,181.485001,2.060998
implant_explorer,human_demo,Human Demo (fsaverage),2e98a267dd38,13,-0.053411,-2.060306,181.485001,2.060998
implant_explorer,human_demo,Human Demo (fsaverage),2e98a267dd38,14,-0.078830,-2.211211,182.041733,2.212616
implant_explorer,human_demo,Human Demo (fsaverage),2e98a267dd38,15,-0.078830,-2.211211,182.041733,2.212616
implant_explorer,human_demo,Human Demo (fsaverage),2e98a267dd38,20,-0.054487,-1.925894,181.620560,1.926664
implant_explorer,human_demo,Human Demo (fsaverage),2e98a267dd38,21,-0.054487,-1.925894,181.620560,1.926664
implant_explorer,human_demo,Human Demo (fsaverage),2e98a267dd38,22,-0.053411,-2.060306,181.485001,2.060998
implant_explorer,human_demo,Human Demo (fsaverage),2e98a267dd38,23,-0.053411,-2.060306,181.485001,2.060998
implant_explorer,human_demo,Human Demo (fsaverage),2e98a267dd38,24,-0.078830,-2.211211,182.041733,2.212616
implant_explorer,human_demo,Human Demo (fsaverage),2e98a267dd38,25,-0.078830,-2.211211,182.041733,2.212616
implant_explorer,human_demo,Human Demo (fsaverage),2e98a267dd38,30,-0.096447,-1.863002,182.963531,1.865497
implant_explorer,human_demo,Human Demo (fsaverage),2e98a267dd38,31,-0.096447,-1.863002,182.963531,1.865497
implant_explorer,human_demo,Human Demo (fsaverage),2e98a267dd38,32,-0.074754,-1.994761,182.146164,1.996161
implant_explorer,human_demo,Human Demo (fsaverage),2e98a267dd38,33,-0.074754,-1.994761,182.146164,1.996161
implant_explorer,human_demo,Human Demo (fsaverage),2e98a267dd38,40,-0.096447,-1.863002,182.963531,1.865497
implant_explorer,human_demo,Human Demo (fsaverage),2e98a267dd38,41,-0.096447,-1.863002,182.963531,1.865497
implant_explorer,human_demo,Human Demo (fsaverage),2e98a267dd38,42,-0.074754,-1.994761,182.146164,1.996161
implant_explorer,human_demo,Human Demo (fsaverage),2e98a267dd38,43,-0.074754,-1.994761,182.146164,1.996161
implant_explorer,human_demo,Human Demo (fsaverage),2e98a267dd38,50,-0.163657,-1.764409,185.299286,1.771983
implant_explorer,human_demo,Human Demo (fsaverage),2e98a267dd38,51,-0.163657,-1.764409,185.299286,1.771983
implant_explorer,human_demo,Human Demo (fsaverage),2e98a267dd38,52,-0.184162,-1.890596,185.563599,1.899545
implant_explorer,human_demo,Human Demo (fsaverage),2e98a267dd38,53,-0.184162,-1.890596,185.563599,1.899545
implant_explorer,human_demo,Human Demo (fsaverage),2e98a267dd38,60,-0.163657,-1.764409,185.299286,1.771983
implant_explorer,human_demo,Human Demo (fsaverage),2e98a267dd38,61,-0.163657,-1.764409,185.299286,1.771983
implant_explorer,human_demo,Human Demo (fsaverage),2e98a267dd38,62,-0.184162,-1.890596,185.563599,1.899545
implant_explorer,human_demo,Human Demo (fsaverage),2e98a267dd38,63,-0.184162,-1.890596,185.563599,1.899545
implant_explorer,human_demo,Human Demo (fsaverage),2e98a267dd38,70,-0.205565,-1.684953,186.955719,1.697447
implant_explorer,human_demo,Human Demo (fsaverage),2e98a267dd38,71,-0.205565,-1.684953,186.955719,1.697447
implant_explorer,human_demo,Human Demo (fsaverage),2e98a267dd38,72,-0.248390,-1.792324,187.890091,1.809454
implant_explorer,human_demo,Human Demo (fsaverage),2e98a267dd38,73,-0.248390,-1.792324,187.890091,1.809454
implant_explorer,human_demo,Human Demo (fsaverage),2e98a267dd38,80,-0.205565,-1.684953,186.955719,1.697447
implant_explorer,human_demo,Human Demo (fsaverage),2e98a267dd38,81,-0.205565,-1.684953,186.955719,1.697447
implant_explorer,human_demo,Human Demo (fsaverage),2e98a267dd38,82,-0.248390,-1.792324,187.890091,1.809454
implant_explorer,human_demo,Human Demo (fsaverage),2e98a267dd38,83,-0.248390,-1.792324,187.890091,1.809454
implant_explorer,human_demo,Human Demo (fsaverage),2e98a267dd38,90,-0.254411,-1.596970,189.051651,1.617108
implant_explorer,human_demo,Human Demo (fsaverage),2e98a267dd38,91,-0.254411,-1.596970,189.051651,1.617108
implant_explorer,human_demo,Human Demo (fsaverage),2e98a267dd38,92,-0.324628,-1.692656,190.856705,1.723505
implant_explorer,human_demo,Human Demo (fsaverage),2e98a267dd38,93,-0.324628,-1.692656,190.856705,1.723505
implant_explorer,human_demo,Human Demo (fsaverage),e32356cc4e28,10,-0.064659,-1.819457,182.035294,1.820606
implant_explorer,human_demo,Human Demo (fsaverage),e32356cc4e28,11,-0.064659,-1.819457,182.035294,1.820606
implant_explorer,human_demo,Human Demo (fsaverage),e32356cc4e28,20,-0.064659,-1.819457,182.035294,1.820606
implant_explorer,human_demo,Human Demo (fsaverage),e32356cc4e28,21,-0.064659,-1.819457,182.035294,1.820606
implant_explorer,human_demo,Human Demo (fsaverage),e32356cc4e28,30,-0.021767,-1.725730,180.722641,1.725867
implant_explorer,human_demo,Human Demo (fsaverage),e32356cc4e28,31,-0.021767,-1.725730,180.722641,1.725867
implant_explorer,human_demo,Human Demo (fsaverage),e32356cc4e28,32,-0.027373,-1.848430,180.848419,1.848632
implant_explorer,human_demo,Human Demo (fsaverage),e32356cc4e28,33,-0.027373,-1.848430,180.848419,1.848632
implant_explorer,human_demo,Human Demo (fsaverage),e32356cc4e28,40,-0.021767,-1.725730,180.722641,1.725867
implant_explorer,human_demo,Human Demo (fsaverage),e32356cc4e28,41,-0.021767,-1.725730,180.722641,1.725867
implant_explorer,human_demo,Human Demo (fsaverage),e32356cc4e28,42,-0.027373,-1.848430,180.848419,1.848632
implant_explorer,human_demo,Human Demo (fsaverage),e32356cc4e28,43,-0.027373,-1.848430,180.848419,1.848632
implant_explorer,human_demo,Human Demo (fsaverage),e32356cc4e28,50,-0.112527,-1.638982,183.927582,1.642840
implant_explorer,human_demo,Human Demo (fsaverage),e32356cc4e28,51,-0.112527,-1.638982,183.927582,1.642840
implant_explorer,human_demo,Human Demo (fsaverage),e32356cc4e28,52,-0.135074,-1.751098,184.410889,1.756300
implant_explorer,human_demo,Human Demo (fsaverage),e32356cc4e28,53,-0.135074,-1.751098,184.410889,1.756300
implant_explorer,human_demo,Human Demo (fsaverage),e32356cc4e28,60,-0.112527,-1.638982,183.927582,1.642840
implant_explorer,human_demo,Human Demo (fsaverage),e32356cc4e28,61,-0.112527,-1.638982,183.927582,1.642840
implant_explorer,human_demo,Human Demo (fsaverage),e32356cc4e28,62,-0.135074,-1.751098,184.410889,1.756300
implant_explorer,human_demo,Human Demo (fsaverage),e32356cc4e28,63,-0.135074,-1.751098,184.410889,1.756300
implant_explorer,human_demo,Human Demo (fsaverage),e32356cc4e28,70,-0.143649,-1.550035,185.294739,1.556677
implant_explorer,human_demo,Human Demo (fsaverage),e32356cc4e28,71,-0.143649,-1.550035,185.294739,1.556677
implant_explorer,human_demo,Human Demo (fsaverage),e32356cc4e28,80,-0.143649,-1.550035,185.294739,1.556677
implant_explorer,human_demo,Human Demo (fsaverage),e32356cc4e28,81,-0.143649,-1.550035,185.294739,1.556677
implant_explorer,human_demo,Human Demo (fsaverage),e32356cc4e28,90,-0.196621,-1.468734,187.624908,1.481836
implant_explorer,human_demo,Human Demo (fsaverage),e32356cc4e28,91,-0.196621,-1.468734,187.624908,1.481836
